url,local_path,filename,type,mime_type,dimensions,width,height,file_size,page_first_seen,alt_text,hash,is_duplicate
https://www.freyerinternational.com//images/logo.png,freyer-forensics/raw/images/logo.png,logo.png,images,image/png,146x90,146,90,14139,https://www.freyerinternational.com,Freyer International Logistics Pvt Ltd,05f92aef117d55bd1af79b6e2c1d898dcb07418cdf8b8d66476ceb53fb7ce3ae,False
https://www.freyerinternational.com/images/clients/great work place jpg.jpg,freyer-forensics/raw/images/great_work_place_jpg.jpg,great_work_place_jpg.jpg,images,image/jpeg,87x150,87,150,27489,https://www.freyerinternational.com,,b2c9bc971c8746c7787d79c8a87400c8a67a1f752b147be7bb2daba4523e8803,False
https://www.freyerinternational.com/images/clients/AEO.jpg,freyer-forensics/raw/images/AEO.jpg,AEO.jpg,images,image/jpeg,259x194,259,194,9480,https://www.freyerinternational.com,,817353af171d0c74f576e61221a3ed8ff0dd446b5ba2571de7329b9b3c1834ef,False
https://www.freyerinternational.com/images/clients/iso.png,freyer-forensics/raw/images/iso.png,iso.png,images,image/png,249x202,249,202,6356,https://www.freyerinternational.com,,727f39966f88e811ee4c73d90a666422f3ee8e508b03377f20b1172dcc3d3074,False
https://www.freyerinternational.com/images/clients/IATA.png,freyer-forensics/raw/images/IATA.png,IATA.png,images,image/png,281x180,281,180,4703,https://www.freyerinternational.com,,0c887ade60303f48864e5e5da24ab96fb43e031cdb6c1590ee020d4042319af7,False
https://www.freyerinternational.com/images/clients/FITATa.png,freyer-forensics/raw/images/FITATa.png,FITATa.png,images,image/png,1200x1112,1200,1112,212494,https://www.freyerinternational.com,,04e92b6e4cf502b1bf8c7aeb3175f5b1eb74f0f7dbd193327bbc5f8e999d81a5,False
https://www.freyerinternational.com/images/clients/amtoi.png,freyer-forensics/raw/images/amtoi.png,amtoi.png,images,image/png,225x225,225,225,7899,https://www.freyerinternational.com,,bcdfd146ac67f88516c93550ccd404fcc19f397290d83fac1784e104bc0acc2b,False
https://www.freyerinternational.com/images/clients/Federal.png,freyer-forensics/raw/images/Federal.png,Federal.png,images,image/png,400x400,400,400,123231,https://www.freyerinternational.com,,6f4a1929c13355dc1869bc15ab803bef51c91539f72426f72a179e79c4c32322,False
https://www.freyerinternational.com/images/clients/ffi.png,freyer-forensics/raw/images/ffi.png,ffi.png,images,image/png,225x225,225,225,3927,https://www.freyerinternational.com,,d39bd56e84f09c28ac89408cdd4315d992ee7cd316f3b01c0e6b028adeaf98d4,False
https://www.freyerinternational.com/images/clients/Acaai.jpg,freyer-forensics/raw/images/Acaai.jpg,Acaai.jpg,images,image/jpeg,413x591,413,591,21585,https://www.freyerinternational.com,,015a4c47484f50f4a20be6e163d31a3247c6c587df994cf7bd01a226c7398cb0,False
https://www.freyerinternational.com//images/hss.png,freyer-forensics/raw/images/hss.png,hss.png,images,image/png,39x30,39,30,3251,https://www.freyerinternational.com,,5663a6bd0e57140cf6aa28ddbc8ca3fb8e4645cf4eb00d9914898ab2c01e3be1,False
https://www.freyerinternational.com//js/menu.js,freyer-forensics/raw/js/menu.js,menu.js,js,text/javascript,,0,0,474,https://www.freyerinternational.com,,d85f45c8c84eb8fb5c5a17f272e690f09505ddf1f9da17270081db741af33d60,False
https://www.freyerinternational.com//js/jquery.js,freyer-forensics/raw/js/jquery.js,jquery.js,js,text/javascript,,0,0,293430,https://www.freyerinternational.com,,fc0b4346d83e6a1ad62e06e56333408bca6257588bfc22bec1e195e402bca49e,False
https://maxcdn.bootstrapcdn.com/bootstrap/3.4.1/js/bootstrap.min.js,freyer-forensics/raw/js/bootstrap.min.js,bootstrap.min.js,js,application/javascript; charset=utf-8,,0,0,39680,https://www.freyerinternational.com,,9ee2fcff6709e4d0d24b09ca0fc56aade12b4961ed9c43fd13b03248bfb57afe,False
https://www.freyerinternational.com//js/jquery.mb.YTPlayer.js,freyer-forensics/raw/js/jquery.mb.YTPlayer.js,jquery.mb.YTPlayer.js,js,text/javascript,,0,0,107160,https://www.freyerinternational.com,,6ea970b5d31f5d49b0bb824f6085e01bd5f0664e875c126b4808cc9bd8a3b1e8,False
https://www.freyerinternational.com//js/wow.js,freyer-forensics/raw/js/wow.js,wow.js,js,text/javascript,,0,0,15547,https://www.freyerinternational.com,,210c74908294b6519ce5ca64e71c7df0139ef5c419e5c1c7b9073edfd1c045ca,False
https://www.freyerinternational.com//js/script.js,freyer-forensics/raw/js/script.js,script.js,js,text/javascript,,0,0,3588,https://www.freyerinternational.com,,a2a7a0dbeb23b7aa7c4919ce8f9988d5abd4fd4cacd908264c17d7d35fe6c81c,False
https://www.freyerinternational.com//js/slick.min.js,freyer-forensics/raw/js/slick.min.js,slick.min.js,js,text/javascript,,0,0,41953,https://www.freyerinternational.com,,e02af7df9a190d88380e2dcec2050ecaa493ae2d23526dbeec67f6907df3a752,False
https://www.freyerinternational.com//js/slider.js,freyer-forensics/raw/js/slider.js,slider.js,js,text/javascript,,0,0,4026,https://www.freyerinternational.com,,5b2b819f76516894e3e64571578b82ad2c2f57e86ec5a39ca880d5739789cfb0,False
https://www.freyerinternational.com//js/sticky.js,freyer-forensics/raw/js/sticky.js,sticky.js,js,text/javascript,,0,0,1008,https://www.freyerinternational.com,,1bc51a3aafe26d03b4476429f66320529bd6dc207489f8ce048d9849c9c8ef20,False
https://www.freyerinternational.com//js/simple-lightbox.js,freyer-forensics/raw/js/simple-lightbox.js,simple-lightbox.js,js,text/javascript,,0,0,64199,https://www.freyerinternational.com,,ff5f57aea8f94e729c625b5c0e82b7ea4fbde28b0f05ef418059ef11ce30eb8b,False
https://www.freyerinternational.com//js/masonry.pkgd.min.js,freyer-forensics/raw/js/masonry.pkgd.min.js,masonry.pkgd.min.js,js,text/javascript,,0,0,21904,https://www.freyerinternational.com,,b54a60eca24683d4487da498a0db6f41ece30ea1cbb28954dbde912a1729c4c7,False
https://www.freyerinternational.com//js/imagesloaded.js,freyer-forensics/raw/js/imagesloaded.js,imagesloaded.js,js,text/javascript,,0,0,7248,https://www.freyerinternational.com,,02a6b90ec5b9b750a0449fdddf65aa945940321b65bd2306ec3f39f43914d855,False
https://www.freyerinternational.com//js/classie.js,freyer-forensics/raw/js/classie.js,classie.js,js,text/javascript,,0,0,1835,https://www.freyerinternational.com,,717ad22aa426d024f6c9942949b49d9a20f4239b94dfee34f94c96d8778f2144,False
https://www.freyerinternational.com//js/AnimOnScroll.js,freyer-forensics/raw/js/AnimOnScroll.js,AnimOnScroll.js,js,text/javascript,,0,0,4850,https://www.freyerinternational.com,,e2896d5937b8b96e1a103faadd59d1528a0bb33d9b24cfb918abc7d54b2b5430,False
https://www.freyerinternational.com//js/dcalendar.picker.js,freyer-forensics/raw/js/dcalendar.picker.js,dcalendar.picker.js,js,text/javascript,,0,0,19655,https://www.freyerinternational.com,,7d88b310f9b36a7ba87de98482f8c0dfda475bcdbfe8d23f23357062666c1d18,False
https://www.freyerinternational.com//css/style.css,freyer-forensics/raw/css/style.css,style.css,css,text/css,,0,0,32836,https://www.freyerinternational.com,,2f462f2c1c5f177c2e5dad142551a519bccc2d1a5469a929a6e5c8b3213a7eb4,False
https://www.freyerinternational.com//css/responsive.css,freyer-forensics/raw/css/responsive.css,responsive.css,css,text/css,,0,0,3170,https://www.freyerinternational.com,,2c1cb42648f8dff60e934d6d8b29c61c695fdc0343628e271551bdabc3427357,False
https://www.freyerinternational.com//css/menu.css,freyer-forensics/raw/css/menu.css,menu.css,css,text/css,,0,0,2298,https://www.freyerinternational.com,,7614f3f85bf47bc0556a6b2431967cae08cabb11ed2c0359d18869251d48aac2,False
https://www.freyerinternational.com//css/slick.min.css,freyer-forensics/raw/css/slick.min.css,slick.min.css,css,text/css,,0,0,1736,https://www.freyerinternational.com,,5c608ec443c1e8ae89a7751e16304b282883370cc3042205ab857c71306b54f5,False
https://www.freyerinternational.com//css/slider.css,freyer-forensics/raw/css/slider.css,slider.css,css,text/css,,0,0,4391,https://www.freyerinternational.com,,a980322d5dd47bc192f9d719129672a7cad9d947fb62da6fb6b855006dba78e9,False
https://www.freyerinternational.com//css/animate.css,freyer-forensics/raw/css/animate.css,animate.css,css,text/css,,0,0,67497,https://www.freyerinternational.com,,9220334ccdc20f496f407fcc7d76d23c466d7a92c2b6b7acbc0c787c52af8cf6,False
https://www.freyerinternational.com//css/simplelightbox.min.css,freyer-forensics/raw/css/simplelightbox.min.css,simplelightbox.min.css,css,text/css,,0,0,3225,https://www.freyerinternational.com,,866917e9104f35f49fe526db0a6c639f82aeb56b1004469ca878d9dd5574d43f,False
https://www.freyerinternational.com//css/dcalendar.picker.css,freyer-forensics/raw/css/dcalendar.picker.css,dcalendar.picker.css,css,text/css,,0,0,9823,https://www.freyerinternational.com,,d286b02ed31c649303d05c7d8b4b5c013d13dc29de92b3ed2ba816f395e61e9c,False
https://www.freyerinternational.com//css/jquery.mb.YTPlayer.min.css,freyer-forensics/raw/css/jquery.mb.YTPlayer.min.css,jquery.mb.YTPlayer.min.css,css,text/css,,0,0,0,https://www.freyerinternational.com,,e3b0c44298fc1c149afbf4c8996fb92427ae41e4649b934ca495991b7852b855,False
https://www.freyerinternational.com//css/video-background.css,freyer-forensics/raw/css/video-background.css,video-background.css,css,text/css,,0,0,351,https://www.freyerinternational.com,,5172c48140dc5314141d3633cac15bb329a309aec1de267b5352552fbf14507a,False
https://maxcdn.bootstrapcdn.com/bootstrap/3.4.1/css/bootstrap.min.css,freyer-forensics/raw/css/bootstrap.min.css,bootstrap.min.css,css,text/css; charset=utf-8,,0,0,121457,https://www.freyerinternational.com,,6d92dfc1700fd38cd130ad818e23bc8aef697f815b2ea5face2b5dfad22f2e11,False
https://www.freyerinternational.com/video/WhatsApp Video 2022-12-09 at 16.02.01.mp4,freyer-forensics/raw/videos/WhatsApp_Video_2022-12-09_at_16.02.01.mp4,WhatsApp_Video_2022-12-09_at_16.02.01.mp4,videos,video/mp4,,0,0,16430413,https://www.freyerinternational.com,,ee6e8085067bd2dec9c74abf5fd179b7a9f07eddb40c87285f7bdbe97cb895a3,False
https://www.google.com/maps/embed?pb=!1m14!1m8!1m3!1d15545.653822390444!2d80.2544392!3d13.0729626!3m2!1i1024!2i768!4f13.1!3m3!1m2!1s0x0%3A0x5b0e4873ced017c9!2sFreyer%20International%20Logistics%20Pvt%20Ltd!5e0!3m2!1sen!2sin!4v1607868482265!5m2!1sen!2sin,freyer-forensics/raw/other-assets/embed,embed,other-assets,text/html; charset=UTF-8,,0,0,3987,https://www.freyerinternational.com,,71b83c25649722d23f5c51859b0d18c75a54ba76a96164fd8c97dc2b9609a4ad,False
https://www.freyerinternational.com//images/Air-Services.jpg,freyer-forensics/raw/images/Air-Services.jpg,Air-Services.jpg,images,image/jpeg,1920x1280,1920,1280,283613,https://www.freyerinternational.com//services,,243fedba1a8b13ddb3996f8bec459ca9f5e947bc9ef9997a2117a88c1df4931c,False
https://www.freyerinternational.com//images/Ocean-Services.jpg,freyer-forensics/raw/images/Ocean-Services.jpg,Ocean-Services.jpg,images,image/jpeg,1920x1280,1920,1280,510212,https://www.freyerinternational.com//services,,5b20f0c405581f46f8cdbb0a2f183e3733245e021660a7bec57f254939653b7d,False
https://www.freyerinternational.com//images/Customs-Services.jpg,freyer-forensics/raw/images/Customs-Services.jpg,Customs-Services.jpg,images,image/jpeg,1920x1280,1920,1280,454864,https://www.freyerinternational.com//services,,f35030d872c232b038e912a7436220515f73865ccca2dcbda875f6896d34c435,False
https://www.freyerinternational.com//images/Warehouse.jpg,freyer-forensics/raw/images/Warehouse.jpg,Warehouse.jpg,images,image/jpeg,1920x1280,1920,1280,565457,https://www.freyerinternational.com//services,,1382b710a964413d903d21daa5f428a7808e008cc91b33688a8f0ec002d4102e,False
https://www.freyerinternational.com//images/Risk-Management.jpg,freyer-forensics/raw/images/Risk-Management.jpg,Risk-Management.jpg,images,image/jpeg,1920x1280,1920,1280,423296,https://www.freyerinternational.com//services,,e13da4c66e1cf71870c0ec8d9883031d4cb00bf872207450ae33ac89c6292b2a,False
https://www.freyerinternational.com//images/Project-Cargo.jpg,freyer-forensics/raw/images/Project-Cargo.jpg,Project-Cargo.jpg,images,image/jpeg,1920x1280,1920,1280,560262,https://www.freyerinternational.com//services,,c23e4e06e5d7c574b21d8ff9f79e0a41d7092d75554877c58da8e59a228a150c,False
https://www.freyerinternational.com/images/india map.jpg,freyer-forensics/raw/images/india_map.jpg,india_map.jpg,images,image/jpeg,495x501,495,501,169443,https://www.freyerinternational.com//locations,map,0f524a7dbe4bb675008ace27b4c091257e7f3b7bf9f7de617164ea124f5892e3,False
https://www.freyerinternational.com//images/mappin.png,freyer-forensics/raw/images/mappin.png,mappin.png,images,image/png,264x375,264,375,69904,https://www.freyerinternational.com//locations,,86a9222a23b99a869d70650c32f72928f32fcb9f1a78bca5e5b2b1ddd76fcf48,False
https://www.freyerinternational.com//images/Awards/14.jpeg,freyer-forensics/raw/images/14.jpeg,14.jpeg,images,image/jpeg,867x1156,867,1156,109572,https://www.freyerinternational.com//awards,,2d814533bfc2052c82c9bec2a59f1aef50fc193ce2055d33ab9dd2dffc45395c,False
https://www.freyerinternational.com//images/Awards/13.jpeg,freyer-forensics/raw/images/13.jpeg,13.jpeg,images,image/jpeg,918x1317,918,1317,80403,https://www.freyerinternational.com//awards,,5ed81dcf39ed992e4f18c3eddf7f421305355da25332fb25ca4d8e09b027e9f0,False
https://www.freyerinternational.com//images/Awards/12.jpeg,freyer-forensics/raw/images/12.jpeg,12.jpeg,images,image/jpeg,960x1600,960,1600,82585,https://www.freyerinternational.com//awards,,be4b646489e3450867b673390766fb1c013bc8b0ab1944e9cffb7c339d956809,False
https://www.freyerinternational.com//images/Awards/11.jpeg,freyer-forensics/raw/images/11.jpeg,11.jpeg,images,image/jpeg,1239x1600,1239,1600,132955,https://www.freyerinternational.com//awards,,d1f69af033b47b3610999f6077373b3260f4ec67e4943e928205c4279a3f1970,False
https://www.freyerinternational.com//images/Awards/AEO.jpg,freyer-forensics/raw/images/AEO.jpg,AEO.jpg,images,image/jpeg,1241x1754,1241,1754,1103572,https://www.freyerinternational.com//awards,,9a4a58cb3ce88a0bf8f39fb0899a471fa47641f4bfe7afb70aec870978f50fae,False
https://www.freyerinternational.com//images/Awards/SCN -Member_certificate.png,freyer-forensics/raw/images/SCN_-Member_certificate.png,SCN_-Member_certificate.png,images,image/png,2000x1414,2000,1414,237446,https://www.freyerinternational.com//awards,,8a57cbe8f0638b219e2e24afefccc6f8daefc13fb4c355e536dc58bc0a899747,False
https://www.freyerinternational.com//images/Awards/1.jpg,freyer-forensics/raw/images/1.jpg,1.jpg,images,image/jpeg,675x1024,675,1024,72897,https://www.freyerinternational.com//awards,,3df43169f61b18080d5a7a87079325e0e4c6b26e9786edd23fb5ba323af77e40,False
https://www.freyerinternational.com//images/Awards/2.jpg,freyer-forensics/raw/images/2.jpg,2.jpg,images,image/jpeg,1024x724,1024,724,148421,https://www.freyerinternational.com//awards,,033b829ba41801d9720710034693c6d03d649b1f911e7d3b2cbfd9e7efc5afb1,False
https://www.freyerinternational.com//images/Awards/3.jpg,freyer-forensics/raw/images/3.jpg,3.jpg,images,image/jpeg,1674x2402,1674,2402,883258,https://www.freyerinternational.com//awards,,7611c4a8d5eb9b8db2390f8b27000d1aebc51dc316c778b1a414e7e15b1a06b2,False
https://www.freyerinternational.com//images/Awards/4.jpg,freyer-forensics/raw/images/4.jpg,4.jpg,images,image/jpeg,523x674,523,674,50160,https://www.freyerinternational.com//awards,,da708e0594ae2511991c160a461c97fcc0ef863de84af04e1e1839de05ee9946,False
https://www.freyerinternational.com//images/Awards/5.jpg,freyer-forensics/raw/images/5.jpg,5.jpg,images,image/jpeg,2180x1698,2180,1698,936252,https://www.freyerinternational.com//awards,,606535f14e1f471ad2bec66266b10b8e3c26ab702ba74d328ddbe688645ac9fd,False
https://www.freyerinternational.com//images/project/1.jpg,freyer-forensics/raw/images/1.jpg,1.jpg,images,image/jpeg,640x481,640,481,59453,https://www.freyerinternational.com//project,,80c91b377117127bc6199d8367fe8902bf8159fc0f4787e63b3902c36306ba96,False
https://www.freyerinternational.com//images/project/2.1.jpg,freyer-forensics/raw/images/2.1.jpg,2.1.jpg,images,image/jpeg,792x618,792,618,141389,https://www.freyerinternational.com//project,,968453b4cee9c1fc6c0598c4f318785c9e3cfd18eaf882cb8d9eca10c7775135,False
https://www.freyerinternational.com//images/project/2.2.jpg,freyer-forensics/raw/images/2.2.jpg,2.2.jpg,images,image/jpeg,792x618,792,618,114698,https://www.freyerinternational.com//project,,4c2b5dd37a8fc862b59a1c062faa52e59f1b1d76106216d7d2688c4648c95b10,False
https://www.freyerinternational.com//images/project/2.3.jpg,freyer-forensics/raw/images/2.3.jpg,2.3.jpg,images,image/jpeg,792x618,792,618,128200,https://www.freyerinternational.com//project,,7e5df8e7823ce9a04dec21a056e646ccf26ef8013bdd93e9b894522c087ae205,False
https://www.freyerinternational.com//images/project/2.4.jpg,freyer-forensics/raw/images/2.4.jpg,2.4.jpg,images,image/jpeg,792x618,792,618,107170,https://www.freyerinternational.com//project,,20c31e595923ad7d3670fd61a5fbffc60117f7fb8474e4bdc5cc4cc970cf4595,False
https://www.freyerinternational.com//images/project/2.5.jpg,freyer-forensics/raw/images/2.5.jpg,2.5.jpg,images,image/jpeg,792x618,792,618,99397,https://www.freyerinternational.com//project,,97f489ecb8d3e10fce9ad0bf6d1a1e2526edd92f96a174e02ccb5b58f8dc4934,False
https://www.freyerinternational.com//images/project/2.6.jpg,freyer-forensics/raw/images/2.6.jpg,2.6.jpg,images,image/jpeg,792x618,792,618,98583,https://www.freyerinternational.com//project,,79ebf9b218674b864ad3c9fd7f6f6e2ec85f896bed1bf45f342d5501dace91ab,False
https://www.freyerinternational.com//images/project/3.jpg,freyer-forensics/raw/images/3.jpg,3.jpg,images,image/jpeg,418x464,418,464,61685,https://www.freyerinternational.com//project,,19442a3c91f6e89d6bf2943f1b9dcde8b35cb3ec136899d3ff07b654dbeb2dff,False
https://www.freyerinternational.com//images/project/4.jpg,freyer-forensics/raw/images/4.jpg,4.jpg,images,image/jpeg,1238x691,1238,691,185393,https://www.freyerinternational.com//project,,5a9f2221f6d59096d43906343da25bb08a70ded868dff009194fca94559ab446,False
https://www.freyerinternational.com//images/project/5.1.jpg,freyer-forensics/raw/images/5.1.jpg,5.1.jpg,images,image/jpeg,418x464,418,464,58683,https://www.freyerinternational.com//project,,a09723a94857d1488d8c0d523d24d86b3429ea9d07f3d828c52ce75b6f0e8c26,False
https://www.freyerinternational.com//images/project/5.2.jpg,freyer-forensics/raw/images/5.2.jpg,5.2.jpg,images,image/jpeg,418x464,418,464,64721,https://www.freyerinternational.com//project,,c566757962581b5c13b7b38ed90663f57f134008b87e5a83418938450c2714fd,False
https://www.freyerinternational.com//images/project/5.3.jpg,freyer-forensics/raw/images/5.3.jpg,5.3.jpg,images,image/jpeg,1280x904,1280,904,256156,https://www.freyerinternational.com//project,,4afb9ae46ad37a0122c2c154f6c00b5e5ec9d53110004edfcfbb1a8e2d5d2c30,False
https://www.freyerinternational.com//images/project/6.1.jpg,freyer-forensics/raw/images/6.1.jpg,6.1.jpg,images,image/jpeg,918x790,918,790,161415,https://www.freyerinternational.com//project,,7089eeb1c4cb4d1ffa17f9df8d7441a1267da617b73e0d7723944262b2dda6e5,False
https://www.freyerinternational.com//images/project/6.2.jpg,freyer-forensics/raw/images/6.2.jpg,6.2.jpg,images,image/jpeg,800x790,800,790,162625,https://www.freyerinternational.com//project,,a81901d09d77ab5a7e3f2242bdf21fbcd7c2ee3367cd189ea94b33f515853391,False
https://www.freyerinternational.com//images/project/6.3.jpg,freyer-forensics/raw/images/6.3.jpg,6.3.jpg,images,image/jpeg,799x790,799,790,118824,https://www.freyerinternational.com//project,,fbaff7d717c1e13ae51423a7840e0424d9015ecd691b724cf08b9b822f2c03eb,False
https://www.freyerinternational.com//images/project/6.4.jpg,freyer-forensics/raw/images/6.4.jpg,6.4.jpg,images,image/jpeg,827x790,827,790,162547,https://www.freyerinternational.com//project,,cf99bb6601a4973d75288150fdf2f7e58dd90e86049556e5e6d8c9eaeacae697,False
https://www.freyerinternational.com//images/project/7.1.jpg,freyer-forensics/raw/images/7.1.jpg,7.1.jpg,images,image/jpeg,874x977,874,977,219629,https://www.freyerinternational.com//project,,5cf82cefa96d06075171fd29416f185c2b3e88ab06e323162d862cb7dff964fe,False
https://www.freyerinternational.com//images/project/7.2.jpg,freyer-forensics/raw/images/7.2.jpg,7.2.jpg,images,image/jpeg,870x970,870,970,196690,https://www.freyerinternational.com//project,,a5e23600f7b55ca72db1580db4e32619a217f248883e7f6b560e73f0a7643716,False
https://www.freyerinternational.com//images/project/7.3.jpg,freyer-forensics/raw/images/7.3.jpg,7.3.jpg,images,image/jpeg,662x448,662,448,100447,https://www.freyerinternational.com//project,,18adeda25aa292dd089dea8ef0507a553ada91450a112dc566cab8845ad91f4f,False
https://www.freyerinternational.com//images/project/7.4.jpg,freyer-forensics/raw/images/7.4.jpg,7.4.jpg,images,image/jpeg,658x485,658,485,116063,https://www.freyerinternational.com//project,,961e00285de53366d386cfb892783189237e3aadaf5d9e92c2de7a3c44dd48cb,False
https://www.freyerinternational.com//images/project/7.5.jpg,freyer-forensics/raw/images/7.5.jpg,7.5.jpg,images,image/jpeg,880x487,880,487,72633,https://www.freyerinternational.com//project,,1b370efc154ca9f4db6ef156899cb68ec59e9da3e3c28cfa69a979b0cad9819a,False
https://www.freyerinternational.com//images/project/8.1.jpg,freyer-forensics/raw/images/8.1.jpg,8.1.jpg,images,image/jpeg,780x750,780,750,126179,https://www.freyerinternational.com//project,,a28e19c1734a1cc652e26664191fbd71964439b211c2eab9a0113b271a843c63,False
https://www.freyerinternational.com//images/project/8.2.jpg,freyer-forensics/raw/images/8.2.jpg,8.2.jpg,images,image/jpeg,784x701,784,701,120972,https://www.freyerinternational.com//project,,36903ee43a68f97c672643ad86c9af0a09f3b04bf3b0f8446c4ab05997a09e98,False
https://www.freyerinternational.com//images/project/8.3.jpg,freyer-forensics/raw/images/8.3.jpg,8.3.jpg,images,image/jpeg,790x700,790,700,129198,https://www.freyerinternational.com//project,,4ebcf6e7b0c7c5fb1d07975053c5255c21b249c4968963aab6421aa0f65d96c2,False
https://www.freyerinternational.com//images/project/8.4.jpg,freyer-forensics/raw/images/8.4.jpg,8.4.jpg,images,image/jpeg,750x742,750,742,170862,https://www.freyerinternational.com//project,,d15bdaf6627d780e77cc58903ea407fe0f89516e621b9a947190f033065a8aab,False
https://www.freyerinternational.com//images/project/9.1.jpg,freyer-forensics/raw/images/9.1.jpg,9.1.jpg,images,image/jpeg,1074x894,1074,894,139355,https://www.freyerinternational.com//project,,d0f7661773c11f7e7d5b2228abf9f58b1d4c5a1b903962ef7491ebdc8c7f2bdb,False
https://www.freyerinternational.com//images/project/9.2.jpg,freyer-forensics/raw/images/9.2.jpg,9.2.jpg,images,image/jpeg,1233x630,1233,630,159995,https://www.freyerinternational.com//project,,481f7b254b157ae865d00eb5e78ca64bdac03f9c566f43c891bc8f39e6b13006,False
https://www.freyerinternational.com//images/project/10.1.jpg,freyer-forensics/raw/images/10.1.jpg,10.1.jpg,images,image/jpeg,1185x908,1185,908,156252,https://www.freyerinternational.com//project,,b92b42a3fea34f0d7bf8a3faebb4c61cedd6a009f3d2cfd7fd308dd24582e6c9,False
https://www.freyerinternational.com//images/project/10.2.jpg,freyer-forensics/raw/images/10.2.jpg,10.2.jpg,images,image/jpeg,1231x629,1231,629,150106,https://www.freyerinternational.com//project,,e2850dbc5f6df2782028881f7d61c93869b991d1e66df4ce1c541352cbbcd94c,False
https://www.freyerinternational.com//images/project/11.1.jpg,freyer-forensics/raw/images/11.1.jpg,11.1.jpg,images,image/jpeg,1272x475,1272,475,146562,https://www.freyerinternational.com//project,,c3c1171b111365efedd4587bcbb00852c350b2fe2a9112bad824e50b1cda3928,False
https://www.freyerinternational.com//images/project/11.2.jpg,freyer-forensics/raw/images/11.2.jpg,11.2.jpg,images,image/jpeg,1442x542,1442,542,146587,https://www.freyerinternational.com//project,,5ffb15997593a3ec8987f90ce6e0669d1536db26ef6d48ed6247807fd1e92f51,False
https://www.freyerinternational.com//images/project/11.3.jpg,freyer-forensics/raw/images/11.3.jpg,11.3.jpg,images,image/jpeg,1805x837,1805,837,97695,https://www.freyerinternational.com//project,,b709ec65c9d0174b157b5fabae2a0b824944a62e890791584e5d3f62a44ed3af,False
https://www.freyerinternational.com//images/project/11.4.jpg,freyer-forensics/raw/images/11.4.jpg,11.4.jpg,images,image/jpeg,1608x767,1608,767,226269,https://www.freyerinternational.com//project,,f1465194ce032cf3563f923b15fbd1152b97add62728964db336ceab3dc1f14f,False
https://www.freyerinternational.com//images/Gallery/5th Year Celebration/1.jpg,freyer-forensics/raw/images/1.jpg,1.jpg,images,image/jpeg,1000x667,1000,667,451199,https://www.freyerinternational.com//gallery,,f55b2e41737dc17891db7567ada6b282d49da4274ea0951eb14a7a5299054d46,False
https://www.freyerinternational.com//images/Gallery/aku/1.jpg,freyer-forensics/raw/images/1.jpg,1.jpg,images,image/jpeg,1600x738,1600,738,169852,https://www.freyerinternational.com//gallery,,633f55909a431829d3ac321084b3b25dfa8c6882051198930d705923feaab791,False
https://www.freyerinternational.com//images/Gallery/Office/1.jpg,freyer-forensics/raw/images/1.jpg,1.jpg,images,image/jpeg,640x480,640,480,124553,https://www.freyerinternational.com//gallery,,eb73d16bedb4f587dfbc47664b920da3a3dfa322dec9dd8e7c38f6848c223199,False
https://www.freyerinternational.com//images/Gallery/Social Events/1.jpg,freyer-forensics/raw/images/1.jpg,1.jpg,images,image/jpeg,1024x683,1024,683,127083,https://www.freyerinternational.com//gallery,,c64d720485ca73c60841e8be08f12430c2c58150779bb2877ec78da02ae3f560,False
https://www.freyerinternational.com//images/Gallery/Customer Get Together/1.jpg,freyer-forensics/raw/images/1.jpg,1.jpg,images,image/jpeg,640x480,640,480,141828,https://www.freyerinternational.com//gallery,,c50412879a01866c5b3fb696b0dfcd599a425f32f66419174122b175282119b7,False
https://www.freyerinternational.com//images/Gallery/Spirit of Independence/1.jpg,freyer-forensics/raw/images/1.jpg,1.jpg,images,image/jpeg,1280x721,1280,721,126616,https://www.freyerinternational.com//gallery,,e03a321aba4cea023cba66e5630c15d1b03d7b7530a831f7f956c641e407264f,False
https://www.freyerinternational.com//images/Gallery/80 Tons Crane/1.jpg,freyer-forensics/raw/images/1.jpg,1.jpg,images,image/jpeg,240x284,240,284,16524,https://www.freyerinternational.com//gallery,,12add541493acf57e7dfea597f790527cd77b3839a119276ddd0cf74f7ca9894,False
https://www.freyerinternational.com//images/Gallery/26 Tons Airfreight Shipment/1.jpg,freyer-forensics/raw/images/1.jpg,1.jpg,images,image/jpeg,287x231,287,231,11542,https://www.freyerinternational.com//gallery,,5cc7a6afe9d4dad7e368ca8cc07e7b4e4de4e589747132b125d6482090b258b1,False
https://www.freyerinternational.com/images/Our Network Partners/wca.png,freyer-forensics/raw/images/wca.png,wca.png,images,image/png,900x500,900,500,13270,https://www.freyerinternational.com//network partners,,31b35abcab5255d47a40717b7a4eb48f2e237d121f6c376e976e9ab807222c61,False
https://www.freyerinternational.com/images/Our Network Partners/wpa.jpg,freyer-forensics/raw/images/wpa.jpg,wpa.jpg,images,image/jpeg,243x91,243,91,10028,https://www.freyerinternational.com//network partners,,457ba49c3f94289c9add89569eb75b520360628f5d5309d6b861cda0577ae295,False
https://www.freyerinternational.com/images/Our Network Partners/SCN.png,freyer-forensics/raw/images/SCN.png,SCN.png,images,image/png,2033x781,2033,781,225506,https://www.freyerinternational.com//network partners,,d3aa7f35d49e1d945c5b7b85959356ba7477887cf8b3f6115505dad6613601f2,False
https://www.freyerinternational.com/images/Our Network Partners/FDX.jpg,freyer-forensics/raw/images/FDX.jpg,FDX.jpg,images,image/jpeg,609x409,609,409,15214,https://www.freyerinternational.com//network partners,,74075fcf7946dff76ea966cfb76bf23983e6f03bf1717c062af7c6fb2cbb9a49,False
https://www.google.com/maps/embed?pb=!1m14!1m8!1m3!1d15545.653822390444!2d80.2544392!3d13.0729626!3m2!1i1024!2i768!4f13.1!3m3!1m2!1s0x0%3A0x5b0e4873ced017c9!2sFreyer%20International%20Logistics%20Pvt%20Ltd!5e0!3m2!1sen!2sin!4v1609770885223!5m2!1sen!2sin,freyer-forensics/raw/other-assets/embed,embed,other-assets,text/html; charset=UTF-8,,0,0,3988,https://www.freyerinternational.com//contact-us,,647945afa5d8e63c39341333718491113d5e669cf3bce2c85bf43cda66437e97,False
https://www.freyerinternational.com/images/logo.png,freyer-forensics/raw/images/logo.png,logo.png,images,image/png,146x90,146,90,14139,https://www.freyerinternational.com/career-plus.php,,05f92aef117d55bd1af79b6e2c1d898dcb07418cdf8b8d66476ceb53fb7ce3ae,True
https://www.freyerinternational.com/images/slide1.jpg,freyer-forensics/raw/images/slide1.jpg,slide1.jpg,images,image/jpeg,1920x1280,1920,1280,1401344,__.html,,40d8a63ff44052b4c9fae6db229833ab1b15203d1417d719aaf4715f846dbddd,False
https://www.freyerinternational.com/images/slide2.jpg,freyer-forensics/raw/images/slide2.jpg,slide2.jpg,images,image/jpeg,1920x1280,1920,1280,666127,__.html,,15eb70fee9ac943c938f019cd98e6b7658db4b980c686e35b8e860dac84acdf5,False
https://www.freyerinternational.com/images/slide3.jpg,freyer-forensics/raw/images/slide3.jpg,slide3.jpg,images,image/jpeg,1920x1280,1920,1280,737665,__.html,,4b32e254c46973d80fe99c45ee6cddba0de26f4abc0a5a48eec2778332c8f3c6,False
https://www.freyerinternational.com/images/slide4.jpg,freyer-forensics/raw/images/slide4.jpg,slide4.jpg,images,image/jpeg,1920x1280,1920,1280,2358945,__.html,,0dd89b0f9ed433ab4edf54515998c691c8b10cb614f130abbfbe81c569bfc35c,False
https://www.freyerinternational.com/images/slide5.jpg,freyer-forensics/raw/images/slide5.jpg,slide5.jpg,images,image/jpeg,1920x1280,1920,1280,1053099,__.html,,40defbb0c39fce20d6d75858b6a0fa722728912154947c5629061b77b7152118,False
https://www.freyerinternational.com/images/slide6.jpg,freyer-forensics/raw/images/slide6.jpg,slide6.jpg,images,image/jpeg,1920x1280,1920,1280,1230292,__.html,,91bd6b8be9c7a84e103579211e473f5a179143830a9eafc1d7b2307e58380715,False
https://www.freyerinternational.com/images/Careers.jpg,freyer-forensics/raw/images/Careers.jpg,Careers.jpg,images,image/jpeg,1920x1282,1920,1282,417138,__careers.html,,597bac6cf72d8ed66d4e226b8d509ed21daa871f83f28622d3c301e2a29c8747,False
https://www.freyerinternational.com/images/emp-colour.jpg,freyer-forensics/raw/images/emp-colour.jpg,emp-colour.jpg,images,image/jpeg,600x450,600,450,20054,__gallery.html,,db2ffc8f655975b8a23de9506a91f17208a5aa628d0d4cf3298736abbfb8f574,False
https://www.freyerinternational.com/images/Project-Cargo.jpg,freyer-forensics/raw/images/Project-Cargo.jpg,Project-Cargo.jpg,images,image/jpeg,1920x1280,1920,1280,560262,__services_project_cargo.html,,c23e4e06e5d7c574b21d8ff9f79e0a41d7092d75554877c58da8e59a228a150c,True
https://www.freyerinternational.com/images/Services.jpg,freyer-forensics/raw/images/Services.jpg,Services.jpg,images,image/jpeg,1920x1054,1920,1054,627829,__services.html,,9b05f70962ea1bcad9b04637530c7377fa1b45ae68e1efae69f7f99ec15f15ee,False
https://www.freyerinternational.com/images/About.jpg,freyer-forensics/raw/images/About.jpg,About.jpg,images,image/jpeg,1920x1088,1920,1088,823431,__about.html,,2440c6209ef048cee10d3997456b8fe8973fec6f6c0fd65571c205417e8ebe2b,False
https://www.freyerinternational.com/images/csr.jpg,freyer-forensics/raw/images/csr.jpg,csr.jpg,images,image/jpeg,1000x659,1000,659,237259,__about.html,,29d0bc178212bca3cceec234afc5763b5e30f2ff6ac16a1fd870ad72d6312626,False
https://www.freyerinternational.com/images/Corporate-Social-Responsibility.jpg,freyer-forensics/raw/images/Corporate-Social-Responsibility.jpg,Corporate-Social-Responsibility.jpg,images,image/jpeg,1920x1409,1920,1409,421462,__corporate_social_responsibility.html,,40fe3eb679af17333c0c5ec8736ea13cc2e76efee422f4382659de81424e20fd,False
https://www.freyerinternational.com/images/Locations.jpg,freyer-forensics/raw/images/Locations.jpg,Locations.jpg,images,image/jpeg,1920x1087,1920,1087,900654,__locations.html,,473ee78bba09d4eca617a8479b5f32b411ee531fd6e6341d1569e780ddefb6e6,False
https://www.freyerinternational.com/images/Risk-Management.jpg,freyer-forensics/raw/images/Risk-Management.jpg,Risk-Management.jpg,images,image/jpeg,1920x1280,1920,1280,423296,__services_risk_management.html,,e13da4c66e1cf71870c0ec8d9883031d4cb00bf872207450ae33ac89c6292b2a,True
https://www.freyerinternational.com/images/Warehouse.jpg,freyer-forensics/raw/images/Warehouse.jpg,Warehouse.jpg,images,image/jpeg,1920x1280,1920,1280,565457,__services_warehouse.html,,1382b710a964413d903d21daa5f428a7808e008cc91b33688a8f0ec002d4102e,True
https://www.freyerinternational.com/images/networkpartner.jpg,freyer-forensics/raw/images/networkpartner.jpg,networkpartner.jpg,images,image/jpeg,1568x980,1568,980,130672,__network_partners.html,,74f5aa40d4aa71f2cd0eb86504db4e57e131c2684644a902f76404a6d0f83f1f,False
https://www.freyerinternational.com/images/Air-Services.jpg,freyer-forensics/raw/images/Air-Services.jpg,Air-Services.jpg,images,image/jpeg,1920x1280,1920,1280,283613,__services_air_services.html,,243fedba1a8b13ddb3996f8bec459ca9f5e947bc9ef9997a2117a88c1df4931c,True
https://www.freyerinternational.com/images/Contact-Us.jpg,freyer-forensics/raw/images/Contact-Us.jpg,Contact-Us.jpg,images,image/jpeg,1920x960,1920,960,234464,__contact_us.html,,7ba30e54b3de5ba8d6c2d53b85a681b9d3e4fac47666011addd9b10a8b53e8e0,False
https://www.freyerinternational.com/images/Customs-Services.jpg,freyer-forensics/raw/images/Customs-Services.jpg,Customs-Services.jpg,images,image/jpeg,1920x1280,1920,1280,454864,__services_customs_services.html,,f35030d872c232b038e912a7436220515f73865ccca2dcbda875f6896d34c435,True
https://www.freyerinternational.com/images/Ocean-Services.jpg,freyer-forensics/raw/images/Ocean-Services.jpg,Ocean-Services.jpg,images,image/jpeg,1920x1280,1920,1280,510212,__services_ocean_services.html,,5b20f0c405581f46f8cdbb0a2f183e3733245e021660a7bec57f254939653b7d,True
