url,local_path,filename,dimensions,file_size,alt_text,hash,is_duplicate,page_first_seen
https://www.freyerinternational.com//images/logo.png,freyer-forensics/raw/images/logo.png,logo.png,146x90,14139,Freyer International Logistics Pvt Ltd,05f92aef117d55bd1af79b6e2c1d898dcb07418cdf8b8d66476ceb53fb7ce3ae,False,https://www.freyerinternational.com
https://www.freyerinternational.com/images/clients/great work place jpg.jpg,freyer-forensics/raw/images/great_work_place_jpg.jpg,great_work_place_jpg.jpg,87x150,27489,,b2c9bc971c8746c7787d79c8a87400c8a67a1f752b147be7bb2daba4523e8803,False,https://www.freyerinternational.com
https://www.freyerinternational.com/images/clients/AEO.jpg,freyer-forensics/raw/images/AEO.jpg,AEO.jpg,259x194,9480,,817353af171d0c74f576e61221a3ed8ff0dd446b5ba2571de7329b9b3c1834ef,False,https://www.freyerinternational.com
https://www.freyerinternational.com/images/clients/iso.png,freyer-forensics/raw/images/iso.png,iso.png,249x202,6356,,727f39966f88e811ee4c73d90a666422f3ee8e508b03377f20b1172dcc3d3074,False,https://www.freyerinternational.com
https://www.freyerinternational.com/images/clients/IATA.png,freyer-forensics/raw/images/IATA.png,IATA.png,281x180,4703,,0c887ade60303f48864e5e5da24ab96fb43e031cdb6c1590ee020d4042319af7,False,https://www.freyerinternational.com
https://www.freyerinternational.com/images/clients/FITATa.png,freyer-forensics/raw/images/FITATa.png,FITATa.png,1200x1112,212494,,04e92b6e4cf502b1bf8c7aeb3175f5b1eb74f0f7dbd193327bbc5f8e999d81a5,False,https://www.freyerinternational.com
https://www.freyerinternational.com/images/clients/amtoi.png,freyer-forensics/raw/images/amtoi.png,amtoi.png,225x225,7899,,bcdfd146ac67f88516c93550ccd404fcc19f397290d83fac1784e104bc0acc2b,False,https://www.freyerinternational.com
https://www.freyerinternational.com/images/clients/Federal.png,freyer-forensics/raw/images/Federal.png,Federal.png,400x400,123231,,6f4a1929c13355dc1869bc15ab803bef51c91539f72426f72a179e79c4c32322,False,https://www.freyerinternational.com
https://www.freyerinternational.com/images/clients/ffi.png,freyer-forensics/raw/images/ffi.png,ffi.png,225x225,3927,,d39bd56e84f09c28ac89408cdd4315d992ee7cd316f3b01c0e6b028adeaf98d4,False,https://www.freyerinternational.com
https://www.freyerinternational.com/images/clients/Acaai.jpg,freyer-forensics/raw/images/Acaai.jpg,Acaai.jpg,413x591,21585,,015a4c47484f50f4a20be6e163d31a3247c6c587df994cf7bd01a226c7398cb0,False,https://www.freyerinternational.com
https://www.freyerinternational.com//images/hss.png,freyer-forensics/raw/images/hss.png,hss.png,39x30,3251,,5663a6bd0e57140cf6aa28ddbc8ca3fb8e4645cf4eb00d9914898ab2c01e3be1,False,https://www.freyerinternational.com
https://www.freyerinternational.com//images/Air-Services.jpg,freyer-forensics/raw/images/Air-Services.jpg,Air-Services.jpg,1920x1280,283613,,243fedba1a8b13ddb3996f8bec459ca9f5e947bc9ef9997a2117a88c1df4931c,False,https://www.freyerinternational.com//services
https://www.freyerinternational.com//images/Ocean-Services.jpg,freyer-forensics/raw/images/Ocean-Services.jpg,Ocean-Services.jpg,1920x1280,510212,,5b20f0c405581f46f8cdbb0a2f183e3733245e021660a7bec57f254939653b7d,False,https://www.freyerinternational.com//services
https://www.freyerinternational.com//images/Customs-Services.jpg,freyer-forensics/raw/images/Customs-Services.jpg,Customs-Services.jpg,1920x1280,454864,,f35030d872c232b038e912a7436220515f73865ccca2dcbda875f6896d34c435,False,https://www.freyerinternational.com//services
https://www.freyerinternational.com//images/Warehouse.jpg,freyer-forensics/raw/images/Warehouse.jpg,Warehouse.jpg,1920x1280,565457,,1382b710a964413d903d21daa5f428a7808e008cc91b33688a8f0ec002d4102e,False,https://www.freyerinternational.com//services
https://www.freyerinternational.com//images/Risk-Management.jpg,freyer-forensics/raw/images/Risk-Management.jpg,Risk-Management.jpg,1920x1280,423296,,e13da4c66e1cf71870c0ec8d9883031d4cb00bf872207450ae33ac89c6292b2a,False,https://www.freyerinternational.com//services
https://www.freyerinternational.com//images/Project-Cargo.jpg,freyer-forensics/raw/images/Project-Cargo.jpg,Project-Cargo.jpg,1920x1280,560262,,c23e4e06e5d7c574b21d8ff9f79e0a41d7092d75554877c58da8e59a228a150c,False,https://www.freyerinternational.com//services
https://www.freyerinternational.com/images/india map.jpg,freyer-forensics/raw/images/india_map.jpg,india_map.jpg,495x501,169443,map,0f524a7dbe4bb675008ace27b4c091257e7f3b7bf9f7de617164ea124f5892e3,False,https://www.freyerinternational.com//locations
https://www.freyerinternational.com//images/mappin.png,freyer-forensics/raw/images/mappin.png,mappin.png,264x375,69904,,86a9222a23b99a869d70650c32f72928f32fcb9f1a78bca5e5b2b1ddd76fcf48,False,https://www.freyerinternational.com//locations
https://www.freyerinternational.com//images/Awards/14.jpeg,freyer-forensics/raw/images/14.jpeg,14.jpeg,867x1156,109572,,2d814533bfc2052c82c9bec2a59f1aef50fc193ce2055d33ab9dd2dffc45395c,False,https://www.freyerinternational.com//awards
https://www.freyerinternational.com//images/Awards/13.jpeg,freyer-forensics/raw/images/13.jpeg,13.jpeg,918x1317,80403,,5ed81dcf39ed992e4f18c3eddf7f421305355da25332fb25ca4d8e09b027e9f0,False,https://www.freyerinternational.com//awards
https://www.freyerinternational.com//images/Awards/12.jpeg,freyer-forensics/raw/images/12.jpeg,12.jpeg,960x1600,82585,,be4b646489e3450867b673390766fb1c013bc8b0ab1944e9cffb7c339d956809,False,https://www.freyerinternational.com//awards
https://www.freyerinternational.com//images/Awards/11.jpeg,freyer-forensics/raw/images/11.jpeg,11.jpeg,1239x1600,132955,,d1f69af033b47b3610999f6077373b3260f4ec67e4943e928205c4279a3f1970,False,https://www.freyerinternational.com//awards
https://www.freyerinternational.com//images/Awards/AEO.jpg,freyer-forensics/raw/images/AEO.jpg,AEO.jpg,1241x1754,1103572,,9a4a58cb3ce88a0bf8f39fb0899a471fa47641f4bfe7afb70aec870978f50fae,False,https://www.freyerinternational.com//awards
https://www.freyerinternational.com//images/Awards/SCN -Member_certificate.png,freyer-forensics/raw/images/SCN_-Member_certificate.png,SCN_-Member_certificate.png,2000x1414,237446,,8a57cbe8f0638b219e2e24afefccc6f8daefc13fb4c355e536dc58bc0a899747,False,https://www.freyerinternational.com//awards
https://www.freyerinternational.com//images/Awards/1.jpg,freyer-forensics/raw/images/1.jpg,1.jpg,675x1024,72897,,3df43169f61b18080d5a7a87079325e0e4c6b26e9786edd23fb5ba323af77e40,False,https://www.freyerinternational.com//awards
https://www.freyerinternational.com//images/Awards/2.jpg,freyer-forensics/raw/images/2.jpg,2.jpg,1024x724,148421,,033b829ba41801d9720710034693c6d03d649b1f911e7d3b2cbfd9e7efc5afb1,False,https://www.freyerinternational.com//awards
https://www.freyerinternational.com//images/Awards/3.jpg,freyer-forensics/raw/images/3.jpg,3.jpg,1674x2402,883258,,7611c4a8d5eb9b8db2390f8b27000d1aebc51dc316c778b1a414e7e15b1a06b2,False,https://www.freyerinternational.com//awards
https://www.freyerinternational.com//images/Awards/4.jpg,freyer-forensics/raw/images/4.jpg,4.jpg,523x674,50160,,da708e0594ae2511991c160a461c97fcc0ef863de84af04e1e1839de05ee9946,False,https://www.freyerinternational.com//awards
https://www.freyerinternational.com//images/Awards/5.jpg,freyer-forensics/raw/images/5.jpg,5.jpg,2180x1698,936252,,606535f14e1f471ad2bec66266b10b8e3c26ab702ba74d328ddbe688645ac9fd,False,https://www.freyerinternational.com//awards
https://www.freyerinternational.com//images/project/1.jpg,freyer-forensics/raw/images/1.jpg,1.jpg,640x481,59453,,80c91b377117127bc6199d8367fe8902bf8159fc0f4787e63b3902c36306ba96,False,https://www.freyerinternational.com//project
https://www.freyerinternational.com//images/project/2.1.jpg,freyer-forensics/raw/images/2.1.jpg,2.1.jpg,792x618,141389,,968453b4cee9c1fc6c0598c4f318785c9e3cfd18eaf882cb8d9eca10c7775135,False,https://www.freyerinternational.com//project
https://www.freyerinternational.com//images/project/2.2.jpg,freyer-forensics/raw/images/2.2.jpg,2.2.jpg,792x618,114698,,4c2b5dd37a8fc862b59a1c062faa52e59f1b1d76106216d7d2688c4648c95b10,False,https://www.freyerinternational.com//project
https://www.freyerinternational.com//images/project/2.3.jpg,freyer-forensics/raw/images/2.3.jpg,2.3.jpg,792x618,128200,,7e5df8e7823ce9a04dec21a056e646ccf26ef8013bdd93e9b894522c087ae205,False,https://www.freyerinternational.com//project
https://www.freyerinternational.com//images/project/2.4.jpg,freyer-forensics/raw/images/2.4.jpg,2.4.jpg,792x618,107170,,20c31e595923ad7d3670fd61a5fbffc60117f7fb8474e4bdc5cc4cc970cf4595,False,https://www.freyerinternational.com//project
https://www.freyerinternational.com//images/project/2.5.jpg,freyer-forensics/raw/images/2.5.jpg,2.5.jpg,792x618,99397,,97f489ecb8d3e10fce9ad0bf6d1a1e2526edd92f96a174e02ccb5b58f8dc4934,False,https://www.freyerinternational.com//project
https://www.freyerinternational.com//images/project/2.6.jpg,freyer-forensics/raw/images/2.6.jpg,2.6.jpg,792x618,98583,,79ebf9b218674b864ad3c9fd7f6f6e2ec85f896bed1bf45f342d5501dace91ab,False,https://www.freyerinternational.com//project
https://www.freyerinternational.com//images/project/3.jpg,freyer-forensics/raw/images/3.jpg,3.jpg,418x464,61685,,19442a3c91f6e89d6bf2943f1b9dcde8b35cb3ec136899d3ff07b654dbeb2dff,False,https://www.freyerinternational.com//project
https://www.freyerinternational.com//images/project/4.jpg,freyer-forensics/raw/images/4.jpg,4.jpg,1238x691,185393,,5a9f2221f6d59096d43906343da25bb08a70ded868dff009194fca94559ab446,False,https://www.freyerinternational.com//project
https://www.freyerinternational.com//images/project/5.1.jpg,freyer-forensics/raw/images/5.1.jpg,5.1.jpg,418x464,58683,,a09723a94857d1488d8c0d523d24d86b3429ea9d07f3d828c52ce75b6f0e8c26,False,https://www.freyerinternational.com//project
https://www.freyerinternational.com//images/project/5.2.jpg,freyer-forensics/raw/images/5.2.jpg,5.2.jpg,418x464,64721,,c566757962581b5c13b7b38ed90663f57f134008b87e5a83418938450c2714fd,False,https://www.freyerinternational.com//project
https://www.freyerinternational.com//images/project/5.3.jpg,freyer-forensics/raw/images/5.3.jpg,5.3.jpg,1280x904,256156,,4afb9ae46ad37a0122c2c154f6c00b5e5ec9d53110004edfcfbb1a8e2d5d2c30,False,https://www.freyerinternational.com//project
https://www.freyerinternational.com//images/project/6.1.jpg,freyer-forensics/raw/images/6.1.jpg,6.1.jpg,918x790,161415,,7089eeb1c4cb4d1ffa17f9df8d7441a1267da617b73e0d7723944262b2dda6e5,False,https://www.freyerinternational.com//project
https://www.freyerinternational.com//images/project/6.2.jpg,freyer-forensics/raw/images/6.2.jpg,6.2.jpg,800x790,162625,,a81901d09d77ab5a7e3f2242bdf21fbcd7c2ee3367cd189ea94b33f515853391,False,https://www.freyerinternational.com//project
https://www.freyerinternational.com//images/project/6.3.jpg,freyer-forensics/raw/images/6.3.jpg,6.3.jpg,799x790,118824,,fbaff7d717c1e13ae51423a7840e0424d9015ecd691b724cf08b9b822f2c03eb,False,https://www.freyerinternational.com//project
https://www.freyerinternational.com//images/project/6.4.jpg,freyer-forensics/raw/images/6.4.jpg,6.4.jpg,827x790,162547,,cf99bb6601a4973d75288150fdf2f7e58dd90e86049556e5e6d8c9eaeacae697,False,https://www.freyerinternational.com//project
https://www.freyerinternational.com//images/project/7.1.jpg,freyer-forensics/raw/images/7.1.jpg,7.1.jpg,874x977,219629,,5cf82cefa96d06075171fd29416f185c2b3e88ab06e323162d862cb7dff964fe,False,https://www.freyerinternational.com//project
https://www.freyerinternational.com//images/project/7.2.jpg,freyer-forensics/raw/images/7.2.jpg,7.2.jpg,870x970,196690,,a5e23600f7b55ca72db1580db4e32619a217f248883e7f6b560e73f0a7643716,False,https://www.freyerinternational.com//project
https://www.freyerinternational.com//images/project/7.3.jpg,freyer-forensics/raw/images/7.3.jpg,7.3.jpg,662x448,100447,,18adeda25aa292dd089dea8ef0507a553ada91450a112dc566cab8845ad91f4f,False,https://www.freyerinternational.com//project
https://www.freyerinternational.com//images/project/7.4.jpg,freyer-forensics/raw/images/7.4.jpg,7.4.jpg,658x485,116063,,961e00285de53366d386cfb892783189237e3aadaf5d9e92c2de7a3c44dd48cb,False,https://www.freyerinternational.com//project
https://www.freyerinternational.com//images/project/7.5.jpg,freyer-forensics/raw/images/7.5.jpg,7.5.jpg,880x487,72633,,1b370efc154ca9f4db6ef156899cb68ec59e9da3e3c28cfa69a979b0cad9819a,False,https://www.freyerinternational.com//project
https://www.freyerinternational.com//images/project/8.1.jpg,freyer-forensics/raw/images/8.1.jpg,8.1.jpg,780x750,126179,,a28e19c1734a1cc652e26664191fbd71964439b211c2eab9a0113b271a843c63,False,https://www.freyerinternational.com//project
https://www.freyerinternational.com//images/project/8.2.jpg,freyer-forensics/raw/images/8.2.jpg,8.2.jpg,784x701,120972,,36903ee43a68f97c672643ad86c9af0a09f3b04bf3b0f8446c4ab05997a09e98,False,https://www.freyerinternational.com//project
https://www.freyerinternational.com//images/project/8.3.jpg,freyer-forensics/raw/images/8.3.jpg,8.3.jpg,790x700,129198,,4ebcf6e7b0c7c5fb1d07975053c5255c21b249c4968963aab6421aa0f65d96c2,False,https://www.freyerinternational.com//project
https://www.freyerinternational.com//images/project/8.4.jpg,freyer-forensics/raw/images/8.4.jpg,8.4.jpg,750x742,170862,,d15bdaf6627d780e77cc58903ea407fe0f89516e621b9a947190f033065a8aab,False,https://www.freyerinternational.com//project
https://www.freyerinternational.com//images/project/9.1.jpg,freyer-forensics/raw/images/9.1.jpg,9.1.jpg,1074x894,139355,,d0f7661773c11f7e7d5b2228abf9f58b1d4c5a1b903962ef7491ebdc8c7f2bdb,False,https://www.freyerinternational.com//project
https://www.freyerinternational.com//images/project/9.2.jpg,freyer-forensics/raw/images/9.2.jpg,9.2.jpg,1233x630,159995,,481f7b254b157ae865d00eb5e78ca64bdac03f9c566f43c891bc8f39e6b13006,False,https://www.freyerinternational.com//project
https://www.freyerinternational.com//images/project/10.1.jpg,freyer-forensics/raw/images/10.1.jpg,10.1.jpg,1185x908,156252,,b92b42a3fea34f0d7bf8a3faebb4c61cedd6a009f3d2cfd7fd308dd24582e6c9,False,https://www.freyerinternational.com//project
https://www.freyerinternational.com//images/project/10.2.jpg,freyer-forensics/raw/images/10.2.jpg,10.2.jpg,1231x629,150106,,e2850dbc5f6df2782028881f7d61c93869b991d1e66df4ce1c541352cbbcd94c,False,https://www.freyerinternational.com//project
https://www.freyerinternational.com//images/project/11.1.jpg,freyer-forensics/raw/images/11.1.jpg,11.1.jpg,1272x475,146562,,c3c1171b111365efedd4587bcbb00852c350b2fe2a9112bad824e50b1cda3928,False,https://www.freyerinternational.com//project
https://www.freyerinternational.com//images/project/11.2.jpg,freyer-forensics/raw/images/11.2.jpg,11.2.jpg,1442x542,146587,,5ffb15997593a3ec8987f90ce6e0669d1536db26ef6d48ed6247807fd1e92f51,False,https://www.freyerinternational.com//project
https://www.freyerinternational.com//images/project/11.3.jpg,freyer-forensics/raw/images/11.3.jpg,11.3.jpg,1805x837,97695,,b709ec65c9d0174b157b5fabae2a0b824944a62e890791584e5d3f62a44ed3af,False,https://www.freyerinternational.com//project
https://www.freyerinternational.com//images/project/11.4.jpg,freyer-forensics/raw/images/11.4.jpg,11.4.jpg,1608x767,226269,,f1465194ce032cf3563f923b15fbd1152b97add62728964db336ceab3dc1f14f,False,https://www.freyerinternational.com//project
https://www.freyerinternational.com//images/Gallery/5th Year Celebration/1.jpg,freyer-forensics/raw/images/1.jpg,1.jpg,1000x667,451199,,f55b2e41737dc17891db7567ada6b282d49da4274ea0951eb14a7a5299054d46,False,https://www.freyerinternational.com//gallery
https://www.freyerinternational.com//images/Gallery/aku/1.jpg,freyer-forensics/raw/images/1.jpg,1.jpg,1600x738,169852,,633f55909a431829d3ac321084b3b25dfa8c6882051198930d705923feaab791,False,https://www.freyerinternational.com//gallery
https://www.freyerinternational.com//images/Gallery/Office/1.jpg,freyer-forensics/raw/images/1.jpg,1.jpg,640x480,124553,,eb73d16bedb4f587dfbc47664b920da3a3dfa322dec9dd8e7c38f6848c223199,False,https://www.freyerinternational.com//gallery
https://www.freyerinternational.com//images/Gallery/Social Events/1.jpg,freyer-forensics/raw/images/1.jpg,1.jpg,1024x683,127083,,c64d720485ca73c60841e8be08f12430c2c58150779bb2877ec78da02ae3f560,False,https://www.freyerinternational.com//gallery
https://www.freyerinternational.com//images/Gallery/Customer Get Together/1.jpg,freyer-forensics/raw/images/1.jpg,1.jpg,640x480,141828,,c50412879a01866c5b3fb696b0dfcd599a425f32f66419174122b175282119b7,False,https://www.freyerinternational.com//gallery
https://www.freyerinternational.com//images/Gallery/Spirit of Independence/1.jpg,freyer-forensics/raw/images/1.jpg,1.jpg,1280x721,126616,,e03a321aba4cea023cba66e5630c15d1b03d7b7530a831f7f956c641e407264f,False,https://www.freyerinternational.com//gallery
https://www.freyerinternational.com//images/Gallery/80 Tons Crane/1.jpg,freyer-forensics/raw/images/1.jpg,1.jpg,240x284,16524,,12add541493acf57e7dfea597f790527cd77b3839a119276ddd0cf74f7ca9894,False,https://www.freyerinternational.com//gallery
https://www.freyerinternational.com//images/Gallery/26 Tons Airfreight Shipment/1.jpg,freyer-forensics/raw/images/1.jpg,1.jpg,287x231,11542,,5cc7a6afe9d4dad7e368ca8cc07e7b4e4de4e589747132b125d6482090b258b1,False,https://www.freyerinternational.com//gallery
https://www.freyerinternational.com/images/Our Network Partners/wca.png,freyer-forensics/raw/images/wca.png,wca.png,900x500,13270,,31b35abcab5255d47a40717b7a4eb48f2e237d121f6c376e976e9ab807222c61,False,https://www.freyerinternational.com//network partners
https://www.freyerinternational.com/images/Our Network Partners/wpa.jpg,freyer-forensics/raw/images/wpa.jpg,wpa.jpg,243x91,10028,,457ba49c3f94289c9add89569eb75b520360628f5d5309d6b861cda0577ae295,False,https://www.freyerinternational.com//network partners
https://www.freyerinternational.com/images/Our Network Partners/SCN.png,freyer-forensics/raw/images/SCN.png,SCN.png,2033x781,225506,,d3aa7f35d49e1d945c5b7b85959356ba7477887cf8b3f6115505dad6613601f2,False,https://www.freyerinternational.com//network partners
https://www.freyerinternational.com/images/Our Network Partners/FDX.jpg,freyer-forensics/raw/images/FDX.jpg,FDX.jpg,609x409,15214,,74075fcf7946dff76ea966cfb76bf23983e6f03bf1717c062af7c6fb2cbb9a49,False,https://www.freyerinternational.com//network partners
https://www.freyerinternational.com/images/logo.png,freyer-forensics/raw/images/logo.png,logo.png,146x90,14139,,05f92aef117d55bd1af79b6e2c1d898dcb07418cdf8b8d66476ceb53fb7ce3ae,True,https://www.freyerinternational.com/career-plus.php
https://www.freyerinternational.com/images/slide1.jpg,freyer-forensics/raw/images/slide1.jpg,slide1.jpg,1920x1280,1401344,,40d8a63ff44052b4c9fae6db229833ab1b15203d1417d719aaf4715f846dbddd,False,__.html
https://www.freyerinternational.com/images/slide2.jpg,freyer-forensics/raw/images/slide2.jpg,slide2.jpg,1920x1280,666127,,15eb70fee9ac943c938f019cd98e6b7658db4b980c686e35b8e860dac84acdf5,False,__.html
https://www.freyerinternational.com/images/slide3.jpg,freyer-forensics/raw/images/slide3.jpg,slide3.jpg,1920x1280,737665,,4b32e254c46973d80fe99c45ee6cddba0de26f4abc0a5a48eec2778332c8f3c6,False,__.html
https://www.freyerinternational.com/images/slide4.jpg,freyer-forensics/raw/images/slide4.jpg,slide4.jpg,1920x1280,2358945,,0dd89b0f9ed433ab4edf54515998c691c8b10cb614f130abbfbe81c569bfc35c,False,__.html
https://www.freyerinternational.com/images/slide5.jpg,freyer-forensics/raw/images/slide5.jpg,slide5.jpg,1920x1280,1053099,,40defbb0c39fce20d6d75858b6a0fa722728912154947c5629061b77b7152118,False,__.html
https://www.freyerinternational.com/images/slide6.jpg,freyer-forensics/raw/images/slide6.jpg,slide6.jpg,1920x1280,1230292,,91bd6b8be9c7a84e103579211e473f5a179143830a9eafc1d7b2307e58380715,False,__.html
https://www.freyerinternational.com/images/Careers.jpg,freyer-forensics/raw/images/Careers.jpg,Careers.jpg,1920x1282,417138,,597bac6cf72d8ed66d4e226b8d509ed21daa871f83f28622d3c301e2a29c8747,False,__careers.html
https://www.freyerinternational.com/images/emp-colour.jpg,freyer-forensics/raw/images/emp-colour.jpg,emp-colour.jpg,600x450,20054,,db2ffc8f655975b8a23de9506a91f17208a5aa628d0d4cf3298736abbfb8f574,False,__gallery.html
https://www.freyerinternational.com/images/Project-Cargo.jpg,freyer-forensics/raw/images/Project-Cargo.jpg,Project-Cargo.jpg,1920x1280,560262,,c23e4e06e5d7c574b21d8ff9f79e0a41d7092d75554877c58da8e59a228a150c,True,__services_project_cargo.html
https://www.freyerinternational.com/images/Services.jpg,freyer-forensics/raw/images/Services.jpg,Services.jpg,1920x1054,627829,,9b05f70962ea1bcad9b04637530c7377fa1b45ae68e1efae69f7f99ec15f15ee,False,__services.html
https://www.freyerinternational.com/images/About.jpg,freyer-forensics/raw/images/About.jpg,About.jpg,1920x1088,823431,,2440c6209ef048cee10d3997456b8fe8973fec6f6c0fd65571c205417e8ebe2b,False,__about.html
https://www.freyerinternational.com/images/csr.jpg,freyer-forensics/raw/images/csr.jpg,csr.jpg,1000x659,237259,,29d0bc178212bca3cceec234afc5763b5e30f2ff6ac16a1fd870ad72d6312626,False,__about.html
https://www.freyerinternational.com/images/Corporate-Social-Responsibility.jpg,freyer-forensics/raw/images/Corporate-Social-Responsibility.jpg,Corporate-Social-Responsibility.jpg,1920x1409,421462,,40fe3eb679af17333c0c5ec8736ea13cc2e76efee422f4382659de81424e20fd,False,__corporate_social_responsibility.html
https://www.freyerinternational.com/images/Locations.jpg,freyer-forensics/raw/images/Locations.jpg,Locations.jpg,1920x1087,900654,,473ee78bba09d4eca617a8479b5f32b411ee531fd6e6341d1569e780ddefb6e6,False,__locations.html
https://www.freyerinternational.com/images/Risk-Management.jpg,freyer-forensics/raw/images/Risk-Management.jpg,Risk-Management.jpg,1920x1280,423296,,e13da4c66e1cf71870c0ec8d9883031d4cb00bf872207450ae33ac89c6292b2a,True,__services_risk_management.html
https://www.freyerinternational.com/images/Warehouse.jpg,freyer-forensics/raw/images/Warehouse.jpg,Warehouse.jpg,1920x1280,565457,,1382b710a964413d903d21daa5f428a7808e008cc91b33688a8f0ec002d4102e,True,__services_warehouse.html
https://www.freyerinternational.com/images/networkpartner.jpg,freyer-forensics/raw/images/networkpartner.jpg,networkpartner.jpg,1568x980,130672,,74f5aa40d4aa71f2cd0eb86504db4e57e131c2684644a902f76404a6d0f83f1f,False,__network_partners.html
https://www.freyerinternational.com/images/Air-Services.jpg,freyer-forensics/raw/images/Air-Services.jpg,Air-Services.jpg,1920x1280,283613,,243fedba1a8b13ddb3996f8bec459ca9f5e947bc9ef9997a2117a88c1df4931c,True,__services_air_services.html
https://www.freyerinternational.com/images/Contact-Us.jpg,freyer-forensics/raw/images/Contact-Us.jpg,Contact-Us.jpg,1920x960,234464,,7ba30e54b3de5ba8d6c2d53b85a681b9d3e4fac47666011addd9b10a8b53e8e0,False,__contact_us.html
https://www.freyerinternational.com/images/Customs-Services.jpg,freyer-forensics/raw/images/Customs-Services.jpg,Customs-Services.jpg,1920x1280,454864,,f35030d872c232b038e912a7436220515f73865ccca2dcbda875f6896d34c435,True,__services_customs_services.html
https://www.freyerinternational.com/images/Ocean-Services.jpg,freyer-forensics/raw/images/Ocean-Services.jpg,Ocean-Services.jpg,1920x1280,510212,,5b20f0c405581f46f8cdbb0a2f183e3733245e021660a7bec57f254939653b7d,True,__services_ocean_services.html
