url,local_path,filename,file_size,hash,page_first_seen
https://www.freyerinternational.com//js/menu.js,freyer-forensics/raw/js/menu.js,menu.js,474,d85f45c8c84eb8fb5c5a17f272e690f09505ddf1f9da17270081db741af33d60,https://www.freyerinternational.com
https://www.freyerinternational.com//js/jquery.js,freyer-forensics/raw/js/jquery.js,jquery.js,293430,fc0b4346d83e6a1ad62e06e56333408bca6257588bfc22bec1e195e402bca49e,https://www.freyerinternational.com
https://maxcdn.bootstrapcdn.com/bootstrap/3.4.1/js/bootstrap.min.js,freyer-forensics/raw/js/bootstrap.min.js,bootstrap.min.js,39680,9ee2fcff6709e4d0d24b09ca0fc56aade12b4961ed9c43fd13b03248bfb57afe,https://www.freyerinternational.com
https://www.freyerinternational.com//js/jquery.mb.YTPlayer.js,freyer-forensics/raw/js/jquery.mb.YTPlayer.js,jquery.mb.YTPlayer.js,107160,6ea970b5d31f5d49b0bb824f6085e01bd5f0664e875c126b4808cc9bd8a3b1e8,https://www.freyerinternational.com
https://www.freyerinternational.com//js/wow.js,freyer-forensics/raw/js/wow.js,wow.js,15547,210c74908294b6519ce5ca64e71c7df0139ef5c419e5c1c7b9073edfd1c045ca,https://www.freyerinternational.com
https://www.freyerinternational.com//js/script.js,freyer-forensics/raw/js/script.js,script.js,3588,a2a7a0dbeb23b7aa7c4919ce8f9988d5abd4fd4cacd908264c17d7d35fe6c81c,https://www.freyerinternational.com
https://www.freyerinternational.com//js/slick.min.js,freyer-forensics/raw/js/slick.min.js,slick.min.js,41953,e02af7df9a190d88380e2dcec2050ecaa493ae2d23526dbeec67f6907df3a752,https://www.freyerinternational.com
https://www.freyerinternational.com//js/slider.js,freyer-forensics/raw/js/slider.js,slider.js,4026,5b2b819f76516894e3e64571578b82ad2c2f57e86ec5a39ca880d5739789cfb0,https://www.freyerinternational.com
https://www.freyerinternational.com//js/sticky.js,freyer-forensics/raw/js/sticky.js,sticky.js,1008,1bc51a3aafe26d03b4476429f66320529bd6dc207489f8ce048d9849c9c8ef20,https://www.freyerinternational.com
https://www.freyerinternational.com//js/simple-lightbox.js,freyer-forensics/raw/js/simple-lightbox.js,simple-lightbox.js,64199,ff5f57aea8f94e729c625b5c0e82b7ea4fbde28b0f05ef418059ef11ce30eb8b,https://www.freyerinternational.com
https://www.freyerinternational.com//js/masonry.pkgd.min.js,freyer-forensics/raw/js/masonry.pkgd.min.js,masonry.pkgd.min.js,21904,b54a60eca24683d4487da498a0db6f41ece30ea1cbb28954dbde912a1729c4c7,https://www.freyerinternational.com
https://www.freyerinternational.com//js/imagesloaded.js,freyer-forensics/raw/js/imagesloaded.js,imagesloaded.js,7248,02a6b90ec5b9b750a0449fdddf65aa945940321b65bd2306ec3f39f43914d855,https://www.freyerinternational.com
https://www.freyerinternational.com//js/classie.js,freyer-forensics/raw/js/classie.js,classie.js,1835,717ad22aa426d024f6c9942949b49d9a20f4239b94dfee34f94c96d8778f2144,https://www.freyerinternational.com
https://www.freyerinternational.com//js/AnimOnScroll.js,freyer-forensics/raw/js/AnimOnScroll.js,AnimOnScroll.js,4850,e2896d5937b8b96e1a103faadd59d1528a0bb33d9b24cfb918abc7d54b2b5430,https://www.freyerinternational.com
https://www.freyerinternational.com//js/dcalendar.picker.js,freyer-forensics/raw/js/dcalendar.picker.js,dcalendar.picker.js,19655,7d88b310f9b36a7ba87de98482f8c0dfda475bcdbfe8d23f23357062666c1d18,https://www.freyerinternational.com
